"Weather";"Road_Type";"Time_of_Day";"Traffic_Density";"Speed_Limit";"Number_of_Vehicles";"Driver_Alcohol";"Accident_Severity";"Road_Condition";"Vehicle_Type";"Driver_Age";"Driver_Experience";"Road_Light_Condition";"Accident"
"Rainy";"City Road";"Morning";"1.0";100.0;5.0;0.0;"Unspecified";"Wet";"Car";51.0;48.0;"Artificial Light";0.0
"Clear";"Rural Road";"Night";"0";120.0;3.0;0.0;"Moderate";"Wet";"Truck";49.0;43.0;"Artificial Light";0.0
"Rainy";"Highway";"Evening";"1.0";60.0;4.0;0.0;"Low";"Icy";"Car";54.0;52.0;"Artificial Light";0.0
"Clear";"City Road";"Afternoon";"2.0";60.0;3.0;0.0;"Low";"Under Construction";"Bus";34.0;31.0;"Daylight";0.0
"Rainy";"Highway";"Morning";"1.0";195.0;11.0;0.0;"Low";"Dry";"Car";62.0;55.0;"Artificial Light";1.0
"Clear";"Rural Road";"Night";"0.0";120.0;3.0;0.0;"Moderate";"Not Determind";"Truck";49.0;43.0;"Artificial Light";0.0
"Foggy";"Highway";"Afternoon";"0.0";60.0;4.0;0.0;"Low";"Dry";"Truck";27.0;26.0;"Daylight";1.0
"Rainy";"City Road";"Afternoon";"0.0";60.0;4.0;0.0;"Low";"Dry";"Car";29.0;22.0;"Artificial Light";1.0
"Stormy";"Highway";"Morning";"1.0";60.0;2.0;0.0;"High";"Icy";"Car";38.0;29.0;"Artificial Light";0.0
"Rainy";"City Road";"Afternoon";"2.0";30.0;2.0;0.0;"Low";"Dry";"Truck";50.0;48.0;"Artificial Light";0.0
"Clear";"Mountain Road";"Night";"2.0";100.0;5.0;0.0;"Low";"Dry";"Motorcycle";47.0;38.0;"Artificial Light";1.0
"Unknown";"Rural Road";"Afternoon";"0.0";60.0;4.0;0.0;"Unspecified";"Dry";"Car";25.0;16.0;"Artificial Light";0.0
"Rainy";"City Road";"Night";"0.0";30.0;1.0;1.0;"Moderate";"Not Determind";"Motorcycle";67.0;63.0;"Artificial Light";1.0
"Rainy";"City Road";"Unknown";"0.0";60.0;5.0;0.0;"Moderate";"Wet";"Car";48.0;41.0;"Daylight";0.0
"Foggy";"City Road";"Night";"1.0";60.0;3.0;0.0;"Moderate";"Wet";"Motorcycle";35.0;32.0;"No Light";0.0
"Clear";"City Road";"Afternoon";"1.0";50.0;1.0;0.0;"Moderate";"Dry";"Car";59.0;53.0;"Daylight";1.0
"Clear";"City Road";"Morning";"2.0";60.0;2.0;0.0;"Low";"Dry";"Car";27.0;23.0;"Daylight";0.0
"Foggy";"Rural Road";"Evening";"0.0";100.0;5.0;0.0;"Moderate";"Icy";"Car";32.0;24.0;"Unknown";0.0
"Clear";"Highway";"Morning";"0.0";30.0;1.0;0.0;"Low";"Dry";"Car";53.0;47.0;"Daylight";0.0
"Rainy";"Rural Road";"Afternoon";"0.0";30.0;4.0;1.0;"Low";"Under Construction";"Unknown";69.0;64.0;"Daylight";0.0
"Rainy";"Highway";"Morning";"1.0";50.0;3.0;0.0;"Low";"Not Determind";"Car";68.0;60.0;"Daylight";1.0
"Rainy";"Highway";"Afternoon";"0.0";100.0;3.0;0.0;"High";"Wet";"Car";28.0;25.0;"Artificial Light";0.0
"Foggy";"Rural Road";"Morning";"1.0";60.0;2.0;1.0;"Moderate";"Under Construction";"Car";40.0;38.0;"Artificial Light";1.0
"Unknown";"City Road";"Evening";"0.0";100.0;2.0;0.0;"Low";"Dry";"Car";30.0;23.0;"Artificial Light";0.0
"Stormy";"Not Determined";"Afternoon";"2.0";80.0;3.0;0.0;"Moderate";"Under Construction";"Truck";60.0;57.0;"Daylight";1.0
"Unknown";"Highway";"Afternoon";"1.0";30.0;5.0;0.0;"Moderate";"Dry";"Car";63.0;55.0;"Artificial Light";1.0
"Foggy";"Highway";"Night";"0.0";100.0;1.0;0.0;"Low";"Under Construction";"Car";59.0;57.0;"Artificial Light";0.0
"Clear";"Highway";"Morning";"1.0";60.0;3.0;0.0;"Low";"Icy";"Car";65.0;57.0;"Artificial Light";1.0
"Rainy";"Mountain Road";"Afternoon";"1.0";60.0;1.0;0.0;"Low";"Dry";"Car";18.0;13.0;"No Light";0.0
"Clear";"City Road";"Evening";"2.0";50.0;5.0;1.0;"Low";"Dry";"Car";55.0;52.0;"Unknown";0.0
"Rainy";"Not Determined";"Night";"1.0";50.0;5.0;0.0;"Low";"Under Construction";"Truck";45.0;36.0;"Daylight";1.0
"Clear";"Highway";"Morning";"0.0";60.0;5.0;0.0;"Low";"Under Construction";"Car";40.0;37.0;"Artificial Light";0.0
"Foggy";"Highway";"Night";"0.0";60.0;5.0;0.0;"Low";"Dry";"Car";69.0;63.0;"Daylight";0.0
"Snowy";"Not Determined";"Evening";"2.0";50.0;5.0;1.0;"Moderate";"Dry";"Car";33.0;32.0;"Artificial Light";0.0
"Foggy";"Highway";"Evening";"0.0";60.0;1.0;1.0;"Low";"Wet";"Car";22.0;21.0;"Daylight";0.0
"Rainy";"Mountain Road";"Afternoon";"0.0";60.0;5.0;1.0;"High";"Dry";"Bus";26.0;25.0;"Daylight";0.0
"Clear";"Highway";"Night";"1.0";30.0;1.0;0.0;"Low";"Wet";"Car";59.0;54.0;"Artificial Light";0.0
"Clear";"City Road";"Afternoon";"1.0";60.0;5.0;0.0;"Low";"Dry";"Truck";23.0;14.0;"Daylight";0.0
"Clear";"Highway";"Evening";"0.0";80.0;5.0;0.0;"Moderate";"Wet";"Car";57.0;55.0;"Daylight";1.0
"Clear";"Highway";"Morning";"0.0";60.0;4.0;0.0;"Low";"Dry";"Car";26.0;25.0;"Artificial Light";0.0
"Clear";"Highway";"Unknown";"2.0";60.0;5.0;0.0;"Low";"Dry";"Truck";34.0;25.0;"Artificial Light";1.0
"Snowy";"City Road";"Morning";"2.0";80.0;1.0;0.0;"Low";"Wet";"Truck";27.0;19.0;"Unknown";0.0
"Rainy";"City Road";"Afternoon";"2.0";100.0;3.0;0.0;"Low";"Dry";"Car";57.0;49.0;"Unknown";0.0
"Foggy";"Highway";"Afternoon";"1.0";50.0;5.0;0.0;"Low";"Icy";"Car";43.0;39.0;"Artificial Light";1.0
"Rainy";"Highway";"Afternoon";"0.0";100.0;4.0;1.0;"Moderate";"Dry";"Car";23.0;16.0;"Artificial Light";0.0
"Foggy";"Highway";"Evening";"2.0";100.0;5.0;1.0;"Low";"Dry";"Car";64.0;55.0;"Daylight";1.0
"Rainy";"Not Determined";"Evening";"1.0";50.0;2.0;0.0;"Moderate";"Under Construction";"Car";67.0;58.0;"No Light";0.0
"Clear";"City Road";"Morning";"2.0";50.0;1.0;0.0;"Low";"Dry";"Car";67.0;66.0;"Artificial Light";0.0
"Clear";"Highway";"Afternoon";"1.0";80.0;3.0;1.0;"Low";"Dry";"Car";56.0;48.0;"No Light";0.0
"Foggy";"Rural Road";"Morning";"0.0";80.0;4.0;0.0;"Low";"Dry";"Motorcycle";40.0;32.0;"Daylight";0.0
"Rainy";"Highway";"Night";"1.0";30.0;1.0;0.0;"Low";"Dry";"Car";54.0;54.0;"Daylight";0.0
"Clear";"Highway";"Afternoon";"2.0";80.0;3.0;0.0;"Low";"Dry";"Car";52.0;43.0;"Artificial Light";0.0
"Unknown";"Mountain Road";"Evening";"0";206.0;13.0;0.0;"Low";"Icy";"Motorcycle";20.0;17.0;"Unknown";0.0
"Foggy";"Highway";"Evening";"2.0";30.0;5.0;0.0;"High";"Wet";"Car";35.0;26.0;"Artificial Light";1.0
"Clear";"City Road";"Evening";"1.0";80.0;3.0;0.0;"Moderate";"Icy";"Car";35.0;31.0;"Unknown";0.0
"Snowy";"Highway";"Morning";"2.0";60.0;4.0;0.0;"Low";"Wet";"Car";50.0;43.0;"Daylight";1.0
"Rainy";"Highway";"Afternoon";"0.0";60.0;4.0;0.0;"Low";"Under Construction";"Car";65.0;60.0;"Daylight";0.0
"Clear";"Highway";"Afternoon";"1.0";50.0;3.0;0.0;"Moderate";"Not Determind";"Motorcycle";41.0;38.0;"Daylight";1.0
"Rainy";"Rural Road";"Afternoon";"0.0";60.0;2.0;0.0;"Moderate";"Under Construction";"Car";59.0;53.0;"Daylight";0.0
"Clear";"Highway";"Morning";"2.0";50.0;3.0;0.0;"Low";"Icy";"Car";24.0;21.0;"Artificial Light";0.0
"Unknown";"Highway";"Evening";"0.0";30.0;5.0;0.0;"Moderate";"Dry";"Car";65.0;59.0;"Daylight";1.0
"Rainy";"Highway";"Evening";"0.0";100.0;2.0;0.0;"Low";"Icy";"Truck";37.0;29.0;"Daylight";1.0
"Rainy";"Highway";"Afternoon";"0.0";60.0;2.0;0.0;"Low";"Dry";"Car";26.0;23.0;"Artificial Light";0.0
"Foggy";"Rural Road";"Morning";"0.0";30.0;3.0;0.0;"High";"Dry";"Car";42.0;42.0;"Artificial Light";0.0
"Clear";"Highway";"Evening";"0.0";80.0;2.0;0.0;"Low";"Icy";"Car";69.0;64.0;"Artificial Light";1.0
"Snowy";"Highway";"Night";"2.0";50.0;4.0;0.0;"High";"Dry";"Bus";21.0;14.0;"Daylight";0.0
"Clear";"Highway";"Evening";"2.0";60.0;5.0;1.0;"Moderate";"Icy";"Car";68.0;65.0;"Artificial Light";0.0
"Clear";"City Road";"Night";"2.0";80.0;1.0;0.0;"Low";"Dry";"Car";55.0;46.0;"No Light";0.0
"Clear";"City Road";"Afternoon";"2.0";60.0;4.0;0.0;"High";"Wet";"Unknown";41.0;41.0;"Artificial Light";1.0
"Foggy";"Mountain Road";"Evening";"2.0";50.0;2.0;0.0;"High";"Icy";"Truck";21.0;18.0;"No Light";0.0
"Clear";"Mountain Road";"Afternoon";"0.0";60.0;1.0;0.0;"Low";"Dry";"Bus";65.0;57.0;"Artificial Light";0.0
"Snowy";"Mountain Road";"Morning";"0.0";50.0;4.0;0.0;"Low";"Icy";"Car";55.0;52.0;"No Light";0.0
"Clear";"Mountain Road";"Afternoon";"1.0";100.0;2.0;0.0;"Low";"Dry";"Unknown";28.0;26.0;"Artificial Light";1.0
"Snowy";"Highway";"Afternoon";"2.0";50.0;5.0;0.0;"Low";"Under Construction";"Motorcycle";30.0;21.0;"Artificial Light";0.0
"Clear";"Highway";"Night";"2.0";60.0;2.0;1.0;"Low";"Dry";"Bus";65.0;57.0;"Artificial Light";1.0
"Rainy";"Highway";"Afternoon";"2.0";80.0;3.0;1.0;"Low";"Dry";"Motorcycle";62.0;60.0;"Daylight";1.0
"Clear";"Highway";"Afternoon";"1.0";50.0;3.0;0.0;"Moderate";"Dry";"Car";24.0;22.0;"Artificial Light";0.0
"Foggy";"City Road";"Morning";"1.0";30.0;4.0;0.0;"Unspecified";"Icy";"Car";68.0;61.0;"Daylight";0.0
"Clear";"City Road";"Evening";"1.0";80.0;2.0;0.0;"Low";"Dry";"Unknown";19.0;13.0;"Artificial Light";0.0
"Rainy";"City Road";"Afternoon";"1.0";30.0;5.0;1.0;"Moderate";"Icy";"Car";54.0;53.0;"Artificial Light";0.0
"Rainy";"City Road";"Afternoon";"1.0";178.0;12.0;0.0;"Moderate";"Wet";"Car";67.0;59.0;"Daylight";1.0
"Rainy";"Highway";"Afternoon";"0.0";60.0;1.0;0.0;"Low";"Under Construction";"Car";34.0;30.0;"Daylight";0.0
"Clear";"City Road";"Afternoon";"1.0";100.0;5.0;0.0;"Moderate";"Icy";"Car";34.0;26.0;"Artificial Light";0.0
"Rainy";"City Road";"Afternoon";"1.0";60.0;2.0;0.0;"High";"Dry";"Motorcycle";21.0;19.0;"Daylight";0.0
"Snowy";"Rural Road";"Afternoon";"1.0";60.0;1.0;0.0;"High";"Dry";"Car";43.0;42.0;"Artificial Light";1.0
"Rainy";"Not Determined";"Morning";"2.0";30.0;2.0;0.0;"Low";"Icy";"Car";52.0;51.0;"Daylight";0.0
"Snowy";"Rural Road";"Evening";"1.0";50.0;5.0;0.0;"Low";"Wet";"Motorcycle";64.0;56.0;"No Light";0.0
"Clear";"Rural Road";"Afternoon";"1.0";60.0;1.0;0.0;"Low";"Icy";"Car";60.0;56.0;"Daylight";0.0
"Clear";"City Road";"Morning";"0.0";80.0;1.0;0.0;"Low";"Wet";"Motorcycle";50.0;42.0;"No Light";0.0
"Clear";"City Road";"Morning";"1.0";60.0;3.0;0.0;"Low";"Wet";"Car";32.0;27.0;"Daylight";0.0
"Unknown";"Not Determined";"Unknown";"1.0";208.0;11.0;0.0;"Low";"Icy";"Motorcycle";52.0;50.0;"Artificial Light";0.0
"Clear";"City Road";"Afternoon";"2.0";50.0;5.0;1.0;"Low";"Dry";"Car";36.0;33.0;"Daylight";1.0
"Clear";"City Road";"Morning";"0.0";80.0;1.0;0.0;"Moderate";"Dry";"Motorcycle";36.0;36.0;"Artificial Light";1.0
"Clear";"Highway";"Afternoon";"1.0";50.0;5.0;0.0;"Moderate";"Dry";"Car";27.0;20.0;"Artificial Light";1.0
"Snowy";"City Road";"Night";"0.0";60.0;3.0;0.0;"Moderate";"Dry";"Car";45.0;43.0;"Daylight";0.0
"Unknown";"Rural Road";"Night";"1.0";80.0;4.0;0.0;"Low";"Wet";"Car";68.0;67.0;"Daylight";0.0
"Rainy";"Highway";"Morning";"0.0";60.0;4.0;0.0;"Moderate";"Dry";"Car";69.0;69.0;"No Light";1.0
"Clear";"City Road";"Unknown";"0.0";50.0;1.0;0.0;"Moderate";"Under Construction";"Car";43.0;40.0;"Artificial Light";0.0
"Snowy";"City Road";"Night";"1.0";100.0;3.0;0.0;"High";"Dry";"Bus";33.0;25.0;"Artificial Light";0.0
"Clear";"Highway";"Evening";"0.0";120.0;5.0;0.0;"Moderate";"Under Construction";"Truck";53.0;53.0;"Unknown";0.0
"Clear";"City Road";"Morning";"2.0";50.0;1.0;0.0;"Low";"Dry";"Car";62.0;53.0;"Artificial Light";1.0
"Clear";"Highway";"Afternoon";"2.0";50.0;1.0;0.0;"Low";"Under Construction";"Truck";60.0;52.0;"Artificial Light";0.0
"Clear";"Highway";"Afternoon";"2.0";60.0;4.0;0.0;"Low";"Wet";"Car";62.0;61.0;"Unknown";0.0
"Foggy";"City Road";"Afternoon";"0.0";100.0;4.0;0.0;"High";"Dry";"Truck";63.0;62.0;"Artificial Light";1.0
"Snowy";"Highway";"Afternoon";"2.0";50.0;5.0;0.0;"Low";"Icy";"Truck";58.0;55.0;"Daylight";0.0
"Snowy";"Highway";"Unknown";"0";60.0;4.0;0.0;"Unspecified";"Dry";"Truck";48.0;44.0;"No Light";1.0
"Rainy";"Rural Road";"Afternoon";"0.0";80.0;2.0;0.0;"Low";"Dry";"Car";45.0;39.0;"Artificial Light";0.0
"Clear";"Rural Road";"Evening";"2.0";80.0;2.0;0.0;"Unspecified";"Dry";"Car";35.0;31.0;"Daylight";0.0
"Unknown";"Highway";"Evening";"2.0";50.0;3.0;0.0;"Low";"Wet";"Car";64.0;55.0;"No Light";0.0
"Stormy";"City Road";"Evening";"2.0";60.0;2.0;1.0;"High";"Dry";"Truck";65.0;57.0;"Daylight";0.0
"Clear";"City Road";"Evening";"1.0";30.0;4.0;1.0;"Moderate";"Dry";"Car";42.0;36.0;"Artificial Light";0.0
"Clear";"Rural Road";"Morning";"0.0";60.0;2.0;0.0;"Low";"Icy";"Car";68.0;61.0;"No Light";0.0
"Unknown";"Highway";"Morning";"1.0";80.0;3.0;0.0;"Low";"Dry";"Car";30.0;27.0;"Daylight";1.0
"Rainy";"Highway";"Morning";"1.0";80.0;1.0;1.0;"Low";"Wet";"Car";47.0;39.0;"Daylight";0.0
"Snowy";"Rural Road";"Evening";"0.0";80.0;1.0;0.0;"Unspecified";"Dry";"Car";58.0;52.0;"Daylight";0.0
"Rainy";"Highway";"Morning";"0";30.0;2.0;0.0;"High";"Under Construction";"Car";44.0;43.0;"Daylight";1.0
"Clear";"Highway";"Evening";"2.0";80.0;1.0;0.0;"Low";"Not Determind";"Unknown";48.0;44.0;"No Light";1.0
"Clear";"Highway";"Evening";"1.0";100.0;2.0;0.0;"Moderate";"Dry";"Unknown";68.0;60.0;"Artificial Light";0.0
"Rainy";"City Road";"Morning";"1.0";100.0;1.0;0.0;"Low";"Wet";"Car";18.0;10.0;"Artificial Light";0.0
"Clear";"Rural Road";"Night";"1.0";50.0;2.0;1.0;"Low";"Dry";"Car";27.0;26.0;"Artificial Light";1.0
"Rainy";"Highway";"Evening";"0";100.0;3.0;0.0;"Low";"Not Determind";"Car";41.0;33.0;"Artificial Light";1.0
"Rainy";"Highway";"Morning";"1.0";60.0;1.0;0.0;"Low";"Dry";"Car";32.0;29.0;"Daylight";0.0
"Clear";"Highway";"Unknown";"1.0";50.0;2.0;0.0;"Unspecified";"Dry";"Car";28.0;19.0;"Daylight";1.0
"Clear";"City Road";"Afternoon";"0.0";213.0;11.0;0.0;"Low";"Dry";"Motorcycle";65.0;56.0;"Daylight";1.0
"Rainy";"Rural Road";"Evening";"2.0";50.0;4.0;0.0;"Low";"Dry";"Car";46.0;42.0;"Artificial Light";0.0
"Clear";"Not Determined";"Morning";"2.0";60.0;2.0;0.0;"Low";"Icy";"Car";28.0;22.0;"Artificial Light";1.0
"Rainy";"Highway";"Evening";"0.0";60.0;3.0;0.0;"Low";"Wet";"Car";65.0;59.0;"Artificial Light";0.0
"Rainy";"Highway";"Evening";"1.0";30.0;1.0;0.0;"Low";"Dry";"Car";25.0;18.0;"Daylight";0.0
"Clear";"Not Determined";"Morning";"0.0";30.0;3.0;0.0;"Low";"Dry";"Car";21.0;13.0;"No Light";1.0
"Rainy";"Highway";"Evening";"2.0";30.0;2.0;1.0;"Low";"Wet";"Car";69.0;63.0;"Daylight";0.0
"Rainy";"Highway";"Night";"0.0";120.0;3.0;0.0;"Moderate";"Dry";"Motorcycle";20.0;19.0;"Unknown";0.0
"Rainy";"Highway";"Night";"0";120.0;5.0;0.0;"Moderate";"Under Construction";"Car";64.0;58.0;"Artificial Light";0.0
"Clear";"Highway";"Evening";"2.0";80.0;2.0;0.0;"Moderate";"Dry";"Car";52.0;45.0;"Daylight";0.0
"Clear";"Rural Road";"Evening";"1.0";60.0;5.0;0.0;"Moderate";"Dry";"Truck";37.0;33.0;"Daylight";1.0
"Foggy";"Highway";"Evening";"0.0";60.0;2.0;0.0;"Moderate";"Dry";"Unknown";62.0;53.0;"Artificial Light";0.0
"Clear";"Rural Road";"Afternoon";"1.0";50.0;1.0;0.0;"Low";"Dry";"Car";29.0;22.0;"No Light";1.0
"Rainy";"City Road";"Afternoon";"2.0";60.0;3.0;0.0;"Low";"Dry";"Car";37.0;30.0;"Artificial Light";0.0
"Rainy";"Highway";"Afternoon";"0.0";80.0;4.0;0.0;"High";"Dry";"Car";42.0;34.0;"Unknown";1.0
"Clear";"Not Determined";"Morning";"1.0";100.0;5.0;0.0;"Low";"Wet";"Truck";69.0;61.0;"Daylight";0.0
"Clear";"City Road";"Afternoon";"0";50.0;4.0;0.0;"Moderate";"Dry";"Car";49.0;47.0;"Daylight";0.0
"Clear";"Highway";"Morning";"0.0";60.0;4.0;1.0;"High";"Wet";"Truck";36.0;27.0;"Daylight";0.0
"Snowy";"Highway";"Night";"0.0";50.0;2.0;1.0;"Unspecified";"Dry";"Car";60.0;54.0;"Artificial Light";0.0
"Clear";"Highway";"Night";"0.0";60.0;5.0;0.0;"Moderate";"Dry";"Truck";36.0;31.0;"Daylight";1.0
"Clear";"Highway";"Evening";"0.0";60.0;2.0;1.0;"Low";"Wet";"Unknown";52.0;50.0;"Daylight";0.0
"Clear";"City Road";"Morning";"2.0";30.0;3.0;0.0;"High";"Dry";"Car";47.0;38.0;"Artificial Light";0.0
"Clear";"Rural Road";"Afternoon";"2.0";30.0;1.0;0.0;"Low";"Wet";"Truck";53.0;50.0;"Daylight";1.0
"Clear";"City Road";"Afternoon";"0";60.0;1.0;1.0;"High";"Icy";"Bus";41.0;35.0;"Daylight";1.0
"Clear";"Highway";"Morning";"2.0";60.0;3.0;0.0;"Moderate";"Dry";"Motorcycle";56.0;51.0;"Artificial Light";0.0
"Clear";"Not Determined";"Afternoon";"1.0";60.0;5.0;0.0;"Low";"Dry";"Car";50.0;41.0;"Artificial Light";0.0
"Rainy";"Highway";"Evening";"2.0";80.0;2.0;0.0;"High";"Dry";"Motorcycle";52.0;46.0;"Daylight";0.0
"Clear";"City Road";"Unknown";"2.0";50.0;2.0;0.0;"Low";"Icy";"Car";34.0;26.0;"Artificial Light";0.0
"Rainy";"Highway";"Afternoon";"1.0";60.0;2.0;0.0;"Low";"Dry";"Car";35.0;27.0;"Daylight";0.0
"Rainy";"Highway";"Evening";"2.0";60.0;3.0;0.0;"Low";"Under Construction";"Car";46.0;41.0;"Unknown";0.0
"Stormy";"City Road";"Evening";"0.0";190.0;14.0;1.0;"High";"Dry";"Car";69.0;62.0;"Artificial Light";1.0
"Foggy";"City Road";"Morning";"0";60.0;4.0;0.0;"Low";"Wet";"Car";51.0;43.0;"Daylight";1.0
"Snowy";"Not Determined";"Afternoon";"0.0";80.0;5.0;0.0;"Low";"Wet";"Car";45.0;41.0;"Artificial Light";1.0
"Clear";"Highway";"Afternoon";"0.0";60.0;4.0;0.0;"High";"Icy";"Car";19.0;15.0;"Artificial Light";0.0
"Rainy";"City Road";"Night";"2.0";100.0;3.0;0.0;"Moderate";"Under Construction";"Car";44.0;37.0;"Daylight";0.0
"Rainy";"Highway";"Evening";"1.0";196.0;11.0;0.0;"Moderate";"Icy";"Car";38.0;32.0;"Daylight";0.0
"Clear";"City Road";"Unknown";"2.0";60.0;1.0;1.0;"Moderate";"Dry";"Car";34.0;31.0;"Artificial Light";1.0
"Clear";"Highway";"Night";"0.0";60.0;1.0;0.0;"Low";"Icy";"Car";31.0;22.0;"Artificial Light";0.0
"Rainy";"City Road";"Evening";"1.0";80.0;1.0;0.0;"Low";"Wet";"Car";33.0;33.0;"Daylight";0.0
"Clear";"Highway";"Morning";"0.0";100.0;4.0;0.0;"Low";"Icy";"Unknown";50.0;50.0;"Daylight";0.0
"Stormy";"Rural Road";"Evening";"1.0";80.0;2.0;0.0;"Low";"Icy";"Car";21.0;14.0;"Unknown";1.0
"Clear";"Rural Road";"Afternoon";"1.0";50.0;3.0;0.0;"Low";"Dry";"Motorcycle";35.0;34.0;"Artificial Light";0.0
"Clear";"Highway";"Morning";"1.0";80.0;1.0;0.0;"Moderate";"Icy";"Car";45.0;36.0;"No Light";0.0
"Rainy";"City Road";"Morning";"0";30.0;4.0;1.0;"Low";"Dry";"Car";69.0;62.0;"Daylight";1.0
"Foggy";"Highway";"Afternoon";"0.0";50.0;2.0;0.0;"Low";"Dry";"Car";69.0;63.0;"Daylight";0.0
"Snowy";"City Road";"Afternoon";"1.0";50.0;3.0;0.0;"Low";"Not Determind";"Car";56.0;54.0;"No Light";0.0
"Foggy";"City Road";"Night";"0.0";188.0;10.0;1.0;"Low";"Icy";"Car";33.0;27.0;"Artificial Light";0.0
"Clear";"Highway";"Night";"2.0";80.0;1.0;0.0;"High";"Icy";"Car";46.0;41.0;"Daylight";0.0
"Clear";"Highway";"Evening";"2.0";100.0;4.0;0.0;"Moderate";"Icy";"Truck";52.0;43.0;"Daylight";0.0
"Clear";"Highway";"Morning";"1.0";100.0;4.0;0.0;"Moderate";"Dry";"Motorcycle";62.0;57.0;"Artificial Light";1.0
"Rainy";"City Road";"Morning";"1.0";50.0;4.0;0.0;"Low";"Dry";"Car";36.0;33.0;"Artificial Light";0.0
"Rainy";"City Road";"Afternoon";"2.0";30.0;2.0;0.0;"Low";"Under Construction";"Motorcycle";68.0;66.0;"Daylight";0.0
"Foggy";"City Road";"Afternoon";"2.0";30.0;3.0;0.0;"Low";"Dry";"Car";62.0;59.0;"Daylight";0.0
"Rainy";"Highway";"Afternoon";"2.0";100.0;3.0;0.0;"High";"Wet";"Car";43.0;38.0;"Artificial Light";0.0
"Clear";"Highway";"Morning";"1.0";60.0;5.0;0.0;"Low";"Wet";"Truck";63.0;60.0;"Artificial Light";0.0
"Stormy";"Highway";"Evening";"1.0";195.0;14.0;0.0;"Moderate";"Dry";"Car";46.0;38.0;"No Light";0.0
"Rainy";"City Road";"Unknown";"2.0";100.0;1.0;1.0;"Low";"Dry";"Motorcycle";48.0;46.0;"Artificial Light";0.0
"Rainy";"Rural Road";"Afternoon";"2.0";80.0;3.0;0.0;"Unspecified";"Dry";"Truck";33.0;33.0;"Daylight";0.0
"Clear";"City Road";"Afternoon";"1.0";80.0;1.0;1.0;"Low";"Dry";"Car";37.0;31.0;"Artificial Light";0.0
"Foggy";"Highway";"Evening";"2.0";60.0;1.0;0.0;"Low";"Dry";"Car";43.0;43.0;"Daylight";0.0
"Clear";"Highway";"Afternoon";"2.0";100.0;4.0;0.0;"Low";"Under Construction";"Truck";27.0;26.0;"Daylight";0.0
"Snowy";"Mountain Road";"Night";"0.0";50.0;5.0;0.0;"Unspecified";"Not Determind";"Car";32.0;31.0;"Daylight";0.0
"Clear";"Highway";"Afternoon";"1.0";80.0;5.0;0.0;"Low";"Icy";"Car";29.0;28.0;"Artificial Light";0.0
"Rainy";"Rural Road";"Morning";"0.0";100.0;4.0;0.0;"Low";"Not Determind";"Car";41.0;41.0;"Artificial Light";0.0
"Rainy";"City Road";"Morning";"2.0";80.0;1.0;0.0;"Low";"Under Construction";"Car";46.0;43.0;"Artificial Light";0.0
"Clear";"Highway";"Afternoon";"0.0";50.0;5.0;0.0;"Moderate";"Dry";"Car";24.0;18.0;"Daylight";0.0
"Clear";"Mountain Road";"Afternoon";"0.0";50.0;4.0;1.0;"Moderate";"Dry";"Motorcycle";66.0;59.0;"Artificial Light";0.0
"Foggy";"City Road";"Morning";"0";60.0;1.0;0.0;"Moderate";"Wet";"Car";46.0;41.0;"Daylight";0.0
"Rainy";"Highway";"Afternoon";"0.0";60.0;4.0;0.0;"Low";"Under Construction";"Car";65.0;60.0;"Daylight";0.0
"Rainy";"Highway";"Unknown";"0.0";60.0;3.0;0.0;"Low";"Dry";"Car";63.0;61.0;"Daylight";0.0
"Snowy";"Highway";"Afternoon";"1.0";60.0;5.0;0.0;"Low";"Dry";"Truck";61.0;60.0;"Artificial Light";0.0
"Clear";"Highway";"Evening";"2.0";60.0;1.0;0.0;"Moderate";"Wet";"Truck";50.0;45.0;"Artificial Light";0.0
"Clear";"Rural Road";"Afternoon";"2.0";80.0;5.0;0.0;"Low";"Wet";"Car";42.0;36.0;"Artificial Light";1.0
"Clear";"Highway";"Afternoon";"1.0";80.0;3.0;0.0;"Low";"Dry";"Car";24.0;24.0;"Daylight";0.0
"Stormy";"Highway";"Morning";"1.0";50.0;2.0;0.0;"Low";"Dry";"Unknown";23.0;14.0;"Daylight";0.0
"Clear";"Highway";"Morning";"1.0";100.0;5.0;0.0;"Low";"Icy";"Unknown";21.0;21.0;"Artificial Light";0.0
"Snowy";"Highway";"Morning";"2.0";60.0;4.0;0.0;"Low";"Wet";"Car";50.0;43.0;"Daylight";1.0
"Rainy";"City Road";"Morning";"0.0";50.0;3.0;0.0;"High";"Icy";"Motorcycle";58.0;49.0;"Artificial Light";0.0
"Rainy";"Rural Road";"Evening";"0.0";120.0;5.0;1.0;"Moderate";"Wet";"Car";38.0;30.0;"Artificial Light";0.0
"Foggy";"Highway";"Afternoon";"0";50.0;4.0;1.0;"Moderate";"Dry";"Car";43.0;41.0;"Unknown";0.0
"Foggy";"City Road";"Afternoon";"2.0";50.0;5.0;0.0;"High";"Wet";"Car";26.0;17.0;"Artificial Light";0.0
"Clear";"City Road";"Evening";"1.0";120.0;4.0;0.0;"Low";"Dry";"Car";38.0;37.0;"Artificial Light";1.0
"Clear";"Highway";"Morning";"2.0";100.0;2.0;0.0;"Low";"Dry";"Car";48.0;43.0;"Daylight";0.0
"Rainy";"Mountain Road";"Morning";"2.0";30.0;5.0;0.0;"Low";"Dry";"Car";30.0;28.0;"Artificial Light";0.0
"Clear";"Highway";"Unknown";"1.0";50.0;5.0;0.0;"Low";"Dry";"Car";46.0;37.0;"No Light";0.0
"Unknown";"Mountain Road";"Evening";"2.0";50.0;4.0;0.0;"Moderate";"Under Construction";"Car";18.0;17.0;"Daylight";1.0
"Rainy";"Highway";"Afternoon";"0.0";80.0;5.0;0.0;"Low";"Dry";"Motorcycle";24.0;23.0;"Daylight";0.0
"Clear";"Highway";"Evening";"2.0";60.0;5.0;0.0;"Low";"Not Determind";"Car";52.0;52.0;"Daylight";0.0
"Clear";"Rural Road";"Morning";"1.0";30.0;1.0;0.0;"Low";"Dry";"Car";21.0;21.0;"Artificial Light";0.0
"Clear";"Highway";"Evening";"0.0";100.0;4.0;1.0;"Moderate";"Wet";"Car";33.0;26.0;"Artificial Light";0.0
"Clear";"Highway";"Unknown";"2.0";60.0;4.0;1.0;"Low";"Icy";"Car";19.0;11.0;"Artificial Light";0.0
"Clear";"Highway";"Afternoon";"0.0";60.0;3.0;0.0;"Low";"Dry";"Motorcycle";41.0;41.0;"No Light";0.0
"Clear";"Not Determined";"Morning";"0.0";30.0;3.0;0.0;"High";"Dry";"Car";27.0;27.0;"Artificial Light";1.0
"Clear";"Highway";"Afternoon";"1.0";50.0;3.0;0.0;"Moderate";"Dry";"Car";26.0;17.0;"Artificial Light";0.0
"Clear";"Highway";"Morning";"1.0";60.0;3.0;0.0;"Low";"Icy";"Car";65.0;57.0;"Artificial Light";1.0
"Clear";"Highway";"Afternoon";"0.0";60.0;2.0;1.0;"Low";"Wet";"Car";41.0;41.0;"Artificial Light";1.0
"Unknown";"Highway";"Evening";"0";100.0;4.0;0.0;"Moderate";"Dry";"Truck";34.0;28.0;"Artificial Light";0.0
"Clear";"Mountain Road";"Unknown";"2.0";30.0;1.0;1.0;"Moderate";"Dry";"Car";43.0;38.0;"Daylight";0.0
"Clear";"Highway";"Evening";"0.0";80.0;5.0;0.0;"Low";"Dry";"Car";23.0;22.0;"Daylight";1.0
"Unknown";"Highway";"Afternoon";"2.0";80.0;2.0;0.0;"Low";"Dry";"Car";24.0;23.0;"Daylight";1.0
"Rainy";"Highway";"Evening";"2.0";100.0;3.0;0.0;"Low";"Icy";"Car";34.0;34.0;"Artificial Light";0.0
"Clear";"City Road";"Evening";"2.0";50.0;3.0;0.0;"Low";"Dry";"Car";49.0;44.0;"Daylight";1.0
"Clear";"Highway";"Night";"1.0";50.0;3.0;0.0;"Moderate";"Dry";"Car";36.0;35.0;"Artificial Light";1.0
"Unknown";"Mountain Road";"Evening";"1.0";60.0;1.0;1.0;"Low";"Dry";"Car";30.0;25.0;"Artificial Light";1.0
"Snowy";"Highway";"Afternoon";"0.0";30.0;3.0;1.0;"Low";"Dry";"Unknown";33.0;29.0;"Daylight";1.0
"Rainy";"Highway";"Afternoon";"0";50.0;5.0;0.0;"Moderate";"Dry";"Truck";40.0;36.0;"Daylight";0.0
"Unknown";"Rural Road";"Evening";"0.0";80.0;2.0;1.0;"Low";"Icy";"Car";25.0;23.0;"Daylight";0.0
"Unknown";"Highway";"Afternoon";"1.0";60.0;4.0;0.0;"Low";"Icy";"Truck";20.0;20.0;"Daylight";0.0
"Rainy";"Rural Road";"Afternoon";"2.0";80.0;3.0;0.0;"Moderate";"Wet";"Truck";64.0;57.0;"Artificial Light";1.0
"Stormy";"City Road";"Afternoon";"0.0";50.0;1.0;0.0;"High";"Dry";"Car";22.0;14.0;"Artificial Light";0.0
"Snowy";"Highway";"Afternoon";"0.0";50.0;5.0;0.0;"Low";"Dry";"Unknown";38.0;37.0;"Artificial Light";0.0
"Rainy";"City Road";"Morning";"1.0";50.0;1.0;0.0;"Low";"Wet";"Car";18.0;9.0;"Artificial Light";0.0
"Stormy";"Highway";"Night";"1.0";60.0;5.0;0.0;"Low";"Icy";"Car";27.0;19.0;"Daylight";1.0
"Foggy";"Rural Road";"Afternoon";"2.0";60.0;4.0;1.0;"Moderate";"Under Construction";"Car";58.0;54.0;"Unknown";1.0
"Clear";"Rural Road";"Morning";"0";100.0;2.0;0.0;"Low";"Dry";"Truck";60.0;59.0;"Artificial Light";1.0
"Rainy";"Highway";"Evening";"1.0";50.0;3.0;0.0;"Low";"Dry";"Motorcycle";65.0;63.0;"Artificial Light";1.0
"Clear";"Highway";"Afternoon";"0.0";60.0;1.0;0.0;"Moderate";"Icy";"Car";56.0;55.0;"Daylight";0.0
"Foggy";"Highway";"Evening";"0.0";60.0;3.0;1.0;"High";"Dry";"Car";53.0;53.0;"Daylight";0.0
"Rainy";"Highway";"Night";"0.0";100.0;5.0;0.0;"Moderate";"Icy";"Car";21.0;19.0;"Artificial Light";0.0
"Clear";"City Road";"Afternoon";"2.0";60.0;1.0;0.0;"Low";"Dry";"Motorcycle";60.0;52.0;"Artificial Light";0.0
"Clear";"Highway";"Afternoon";"2.0";100.0;2.0;0.0;"Moderate";"Dry";"Car";42.0;41.0;"Artificial Light";0.0
"Snowy";"City Road";"Morning";"1.0";100.0;1.0;1.0;"Low";"Icy";"Car";36.0;34.0;"Daylight";0.0
"Snowy";"Mountain Road";"Evening";"2.0";80.0;2.0;1.0;"Moderate";"Dry";"Car";23.0;22.0;"Daylight";1.0
"Clear";"Highway";"Unknown";"2.0";60.0;5.0;0.0;"Low";"Dry";"Car";61.0;52.0;"No Light";1.0
"Clear";"Highway";"Afternoon";"0.0";50.0;3.0;0.0;"Low";"Not Determind";"Car";50.0;45.0;"Artificial Light";0.0
"Clear";"City Road";"Afternoon";"0";30.0;1.0;1.0;"High";"Wet";"Car";36.0;31.0;"Artificial Light";0.0
"Snowy";"Highway";"Morning";"2.0";50.0;3.0;1.0;"Moderate";"Icy";"Car";29.0;29.0;"Artificial Light";0.0
"Clear";"Highway";"Night";"1.0";60.0;5.0;0.0;"Low";"Dry";"Bus";20.0;15.0;"Artificial Light";1.0
"Clear";"Highway";"Afternoon";"1.0";50.0;5.0;1.0;"Moderate";"Dry";"Car";27.0;24.0;"Artificial Light";0.0
"Snowy";"Highway";"Morning";"2.0";50.0;5.0;1.0;"Low";"Dry";"Car";31.0;29.0;"Artificial Light";0.0
"Clear";"Mountain Road";"Morning";"0.0";60.0;3.0;0.0;"Low";"Dry";"Car";33.0;29.0;"Daylight";0.0
"Clear";"Highway";"Evening";"2.0";50.0;4.0;0.0;"High";"Dry";"Motorcycle";27.0;18.0;"No Light";0.0
"Clear";"Highway";"Afternoon";"0.0";60.0;4.0;0.0;"Low";"Wet";"Car";25.0;20.0;"Unknown";0.0
"Clear";"City Road";"Evening";"0";50.0;2.0;0.0;"Low";"Dry";"Car";68.0;62.0;"Artificial Light";0.0
"Rainy";"City Road";"Afternoon";"1.0";100.0;3.0;0.0;"Moderate";"Wet";"Car";54.0;50.0;"Artificial Light";0.0
"Snowy";"City Road";"Evening";"2.0";60.0;3.0;0.0;"Low";"Wet";"Truck";38.0;34.0;"Artificial Light";0.0
"Clear";"Highway";"Evening";"1.0";60.0;2.0;0.0;"Low";"Wet";"Car";32.0;27.0;"Artificial Light";0.0
"Clear";"Mountain Road";"Afternoon";"1.0";30.0;5.0;1.0;"Moderate";"Wet";"Car";38.0;36.0;"Artificial Light";1.0
"Clear";"City Road";"Afternoon";"0.0";60.0;1.0;0.0;"Moderate";"Under Construction";"Motorcycle";43.0;40.0;"Artificial Light";1.0
"Clear";"City Road";"Evening";"0.0";50.0;1.0;1.0;"Low";"Wet";"Truck";57.0;53.0;"Daylight";1.0
"Clear";"City Road";"Unknown";"2.0";60.0;1.0;0.0;"Moderate";"Wet";"Car";53.0;49.0;"Daylight";0.0
"Stormy";"City Road";"Evening";"1.0";189.0;13.0;0.0;"Low";"Icy";"Car";68.0;60.0;"Artificial Light";0.0
"Foggy";"Highway";"Afternoon";"1.0";80.0;2.0;0.0;"High";"Icy";"Car";30.0;25.0;"Artificial Light";0.0
"Snowy";"Highway";"Evening";"1.0";30.0;5.0;0.0;"Low";"Dry";"Car";52.0;45.0;"Daylight";1.0
"Clear";"Highway";"Afternoon";"2.0";30.0;4.0;0.0;"Low";"Wet";"Truck";47.0;45.0;"Daylight";0.0
"Clear";"Highway";"Evening";"1.0";50.0;4.0;1.0;"Low";"Dry";"Car";29.0;25.0;"Artificial Light";0.0
"Rainy";"Highway";"Morning";"2.0";80.0;2.0;0.0;"Low";"Dry";"Car";43.0;35.0;"Artificial Light";1.0
"Unknown";"Highway";"Afternoon";"0.0";50.0;2.0;0.0;"Unspecified";"Dry";"Car";51.0;51.0;"Artificial Light";1.0
"Clear";"Rural Road";"Morning";"0.0";60.0;2.0;0.0;"Low";"Not Determind";"Car";68.0;61.0;"No Light";0.0
"Clear";"Highway";"Afternoon";"1.0";50.0;5.0;0.0;"High";"Icy";"Car";23.0;17.0;"Artificial Light";1.0
"Snowy";"City Road";"Afternoon";"1.0";60.0;1.0;0.0;"Moderate";"Dry";"Motorcycle";48.0;45.0;"No Light";1.0
"Clear";"City Road";"Afternoon";"2.0";60.0;4.0;0.0;"Unspecified";"Not Determind";"Unknown";32.0;24.0;"Artificial Light";1.0
"Rainy";"City Road";"Afternoon";"2.0";50.0;4.0;0.0;"Low";"Dry";"Unknown";20.0;15.0;"Artificial Light";0.0
"Snowy";"Rural Road";"Afternoon";"2.0";100.0;4.0;0.0;"Low";"Dry";"Car";40.0;36.0;"Daylight";1.0
"Clear";"Not Determined";"Evening";"1.0";30.0;5.0;1.0;"Low";"Icy";"Motorcycle";62.0;61.0;"Daylight";1.0
"Foggy";"Rural Road";"Afternoon";"2.0";60.0;5.0;0.0;"Unspecified";"Dry";"Car";28.0;24.0;"Artificial Light";0.0
"Clear";"Not Determined";"Afternoon";"0.0";100.0;1.0;0.0;"Low";"Under Construction";"Car";24.0;18.0;"Unknown";0.0
"Rainy";"Rural Road";"Morning";"2.0";60.0;2.0;1.0;"Low";"Icy";"Car";18.0;18.0;"Daylight";0.0
"Foggy";"Highway";"Afternoon";"0";100.0;4.0;0.0;"Low";"Icy";"Car";43.0;37.0;"Daylight";0.0
"Rainy";"Highway";"Afternoon";"1.0";100.0;2.0;0.0;"Moderate";"Dry";"Bus";26.0;18.0;"Daylight";0.0
"Rainy";"City Road";"Afternoon";"0.0";60.0;3.0;0.0;"High";"Icy";"Car";34.0;27.0;"Artificial Light";0.0
"Clear";"City Road";"Evening";"1.0";80.0;5.0;0.0;"Low";"Icy";"Car";43.0;41.0;"Daylight";0.0
"Rainy";"Highway";"Morning";"0.0";30.0;3.0;0.0;"Unspecified";"Dry";"Car";27.0;26.0;"Daylight";0.0
"Foggy";"Highway";"Morning";"1.0";80.0;3.0;0.0;"Low";"Icy";"Motorcycle";42.0;36.0;"Unknown";1.0
"Clear";"Rural Road";"Afternoon";"1.0";50.0;4.0;0.0;"Low";"Dry";"Car";49.0;40.0;"Daylight";0.0
"Clear";"City Road";"Unknown";"2.0";50.0;1.0;0.0;"Low";"Not Determind";"Unknown";56.0;52.0;"Artificial Light";0.0
"Snowy";"Highway";"Evening";"1.0";100.0;3.0;0.0;"Moderate";"Wet";"Car";54.0;53.0;"Artificial Light";0.0
"Clear";"Highway";"Night";"0.0";120.0;5.0;0.0;"Moderate";"Icy";"Car";67.0;63.0;"Daylight";1.0
"Clear";"Rural Road";"Evening";"1.0";30.0;3.0;0.0;"Unspecified";"Wet";"Car";41.0;35.0;"Artificial Light";1.0
"Unknown";"Highway";"Morning";"0.0";80.0;1.0;1.0;"Unspecified";"Wet";"Car";55.0;49.0;"Artificial Light";0.0
"Rainy";"Highway";"Afternoon";"2.0";60.0;5.0;0.0;"Moderate";"Dry";"Unknown";34.0;32.0;"Artificial Light";0.0
"Rainy";"Highway";"Night";"1.0";60.0;4.0;1.0;"Low";"Not Determind";"Truck";31.0;24.0;"Daylight";0.0
"Rainy";"Highway";"Night";"2.0";100.0;4.0;0.0;"Moderate";"Wet";"Car";22.0;21.0;"Artificial Light";0.0
"Clear";"City Road";"Morning";"1.0";60.0;2.0;0.0;"Low";"Dry";"Car";64.0;59.0;"Unknown";0.0
"Clear";"Highway";"Morning";"0.0";60.0;5.0;0.0;"Unspecified";"Wet";"Car";45.0;41.0;"Artificial Light";0.0
"Snowy";"Rural Road";"Evening";"1.0";80.0;2.0;0.0;"Low";"Wet";"Car";27.0;18.0;"Daylight";1.0
"Clear";"Highway";"Evening";"1.0";60.0;5.0;1.0;"High";"Dry";"Car";26.0;17.0;"Daylight";0.0
"Clear";"Highway";"Evening";"2.0";30.0;1.0;1.0;"Unspecified";"Icy";"Car";68.0;67.0;"Artificial Light";0.0
"Foggy";"Not Determined";"Afternoon";"0.0";60.0;3.0;0.0;"Low";"Icy";"Car";43.0;37.0;"Artificial Light";0.0
"Foggy";"City Road";"Evening";"0.0";100.0;1.0;0.0;"Low";"Dry";"Car";35.0;26.0;"Artificial Light";1.0
"Rainy";"Highway";"Night";"2.0";30.0;5.0;0.0;"Low";"Icy";"Car";56.0;55.0;"Daylight";1.0
"Snowy";"City Road";"Evening";"1.0";50.0;2.0;0.0;"Low";"Wet";"Car";67.0;65.0;"Artificial Light";1.0
"Clear";"City Road";"Morning";"2.0";50.0;1.0;0.0;"Low";"Dry";"Car";62.0;53.0;"Artificial Light";1.0
"Rainy";"Mountain Road";"Evening";"2.0";100.0;3.0;0.0;"Moderate";"Icy";"Truck";59.0;57.0;"Artificial Light";0.0
"Clear";"Highway";"Afternoon";"0";30.0;1.0;0.0;"Low";"Wet";"Car";25.0;24.0;"Unknown";0.0
"Clear";"Highway";"Afternoon";"0.0";60.0;4.0;0.0;"High";"Under Construction";"Car";24.0;19.0;"Artificial Light";0.0
"Clear";"Highway";"Afternoon";"0.0";100.0;5.0;0.0;"Moderate";"Dry";"Car";43.0;41.0;"Daylight";0.0
"Clear";"Highway";"Evening";"1.0";80.0;2.0;0.0;"Moderate";"Under Construction";"Car";24.0;21.0;"No Light";0.0
"Clear";"Not Determined";"Morning";"0";100.0;4.0;0.0;"Moderate";"Icy";"Car";40.0;35.0;"Artificial Light";1.0
"Foggy";"Highway";"Morning";"0.0";80.0;4.0;0.0;"Low";"Dry";"Car";56.0;51.0;"No Light";1.0
"Clear";"City Road";"Afternoon";"0";60.0;1.0;0.0;"Low";"Not Determind";"Car";49.0;47.0;"No Light";0.0
"Rainy";"Rural Road";"Afternoon";"2.0";60.0;4.0;0.0;"Low";"Dry";"Car";46.0;40.0;"Daylight";0.0
"Stormy";"Highway";"Night";"1.0";100.0;3.0;0.0;"Moderate";"Icy";"Car";29.0;21.0;"Daylight";0.0
"Rainy";"Rural Road";"Afternoon";"1.0";60.0;4.0;0.0;"Low";"Dry";"Car";52.0;44.0;"Artificial Light";0.0
"Clear";"Mountain Road";"Evening";"0.0";60.0;4.0;0.0;"Unspecified";"Dry";"Car";69.0;60.0;"Daylight";0.0
"Rainy";"Highway";"Afternoon";"1.0";60.0;2.0;0.0;"Low";"Dry";"Unknown";41.0;41.0;"Unknown";0.0
"Stormy";"Mountain Road";"Evening";"2.0";50.0;3.0;0.0;"Low";"Dry";"Bus";58.0;51.0;"No Light";0.0
"Clear";"Highway";"Morning";"2.0";120.0;3.0;0.0;"Low";"Wet";"Car";43.0;40.0;"Daylight";0.0
"Clear";"Highway";"Morning";"2.0";100.0;2.0;0.0;"Low";"Dry";"Car";48.0;43.0;"Daylight";0.0
"Clear";"Highway";"Night";"0";100.0;5.0;1.0;"Moderate";"Not Determind";"Car";67.0;64.0;"Daylight";1.0
"Clear";"Highway";"Afternoon";"1.0";100.0;2.0;0.0;"Low";"Dry";"Car";20.0;15.0;"Artificial Light";0.0
"Rainy";"Highway";"Afternoon";"2.0";60.0;5.0;0.0;"Low";"Not Determind";"Car";24.0;24.0;"Artificial Light";1.0
"Clear";"Rural Road";"Night";"0.0";60.0;5.0;0.0;"Low";"Wet";"Truck";46.0;45.0;"Artificial Light";0.0
"Clear";"Highway";"Night";"2.0";60.0;4.0;0.0;"Low";"Dry";"Car";55.0;51.0;"Artificial Light";1.0
"Clear";"City Road";"Morning";"2.0";50.0;1.0;0.0;"Low";"Dry";"Car";67.0;66.0;"Artificial Light";0.0
"Rainy";"Not Determined";"Morning";"2.0";50.0;4.0;0.0;"Low";"Dry";"Truck";22.0;18.0;"Daylight";0.0
"Clear";"City Road";"Evening";"0";80.0;4.0;0.0;"Low";"Dry";"Car";58.0;57.0;"Daylight";1.0
"Foggy";"Not Determined";"Evening";"2.0";100.0;4.0;0.0;"Low";"Dry";"Car";27.0;18.0;"Artificial Light";0.0
"Foggy";"Highway";"Evening";"0.0";50.0;3.0;0.0;"Low";"Dry";"Car";64.0;62.0;"Artificial Light";0.0
"Snowy";"City Road";"Night";"2.0";80.0;1.0;0.0;"Low";"Dry";"Car";57.0;54.0;"Unknown";0.0
"Clear";"Highway";"Afternoon";"0.0";60.0;1.0;0.0;"Moderate";"Icy";"Car";56.0;55.0;"Daylight";0.0
"Clear";"City Road";"Morning";"0.0";50.0;5.0;0.0;"Moderate";"Dry";"Truck";68.0;61.0;"Daylight";1.0
"Clear";"Highway";"Afternoon";"2.0";100.0;4.0;0.0;"Low";"Dry";"Car";39.0;34.0;"Artificial Light";1.0
"Rainy";"Highway";"Night";"1.0";100.0;5.0;0.0;"Low";"Wet";"Motorcycle";47.0;39.0;"Unknown";0.0
"Stormy";"Highway";"Morning";"0.0";60.0;1.0;0.0;"Moderate";"Dry";"Car";21.0;19.0;"Artificial Light";0.0
"Clear";"Rural Road";"Evening";"0";80.0;5.0;0.0;"Low";"Under Construction";"Car";59.0;54.0;"Artificial Light";0.0
"Stormy";"Highway";"Morning";"2.0";60.0;4.0;0.0;"Low";"Wet";"Car";31.0;29.0;"Artificial Light";0.0
"Rainy";"Highway";"Unknown";"0.0";80.0;2.0;1.0;"Low";"Dry";"Truck";23.0;19.0;"Daylight";0.0
"Foggy";"Mountain Road";"Morning";"2.0";193.0;11.0;0.0;"Low";"Icy";"Truck";28.0;23.0;"Artificial Light";1.0
"Clear";"City Road";"Evening";"1.0";60.0;5.0;0.0;"Moderate";"Dry";"Bus";36.0;33.0;"No Light";1.0
"Rainy";"Highway";"Evening";"0.0";100.0;1.0;0.0;"Moderate";"Wet";"Car";67.0;64.0;"Daylight";0.0
"Rainy";"City Road";"Evening";"2.0";80.0;2.0;0.0;"Moderate";"Icy";"Bus";55.0;54.0;"No Light";1.0
"Rainy";"Highway";"Morning";"0.0";100.0;2.0;0.0;"Moderate";"Dry";"Car";41.0;36.0;"Unknown";0.0
"Clear";"City Road";"Evening";"2.0";60.0;1.0;0.0;"Low";"Dry";"Car";69.0;64.0;"Daylight";0.0
"Foggy";"Highway";"Afternoon";"0.0";80.0;2.0;0.0;"Low";"Wet";"Car";40.0;36.0;"Daylight";0.0
"Rainy";"Rural Road";"Evening";"2.0";50.0;3.0;0.0;"High";"Icy";"Car";23.0;15.0;"Artificial Light";1.0
"Rainy";"City Road";"Night";"1.0";50.0;4.0;0.0;"Moderate";"Dry";"Car";32.0;23.0;"Artificial Light";0.0
"Snowy";"Highway";"Morning";"2.0";100.0;2.0;0.0;"Low";"Wet";"Car";46.0;44.0;"Daylight";0.0
"Stormy";"Highway";"Evening";"2.0";120.0;2.0;1.0;"Low";"Icy";"Car";40.0;40.0;"Artificial Light";0.0
"Foggy";"Not Determined";"Afternoon";"1.0";50.0;4.0;0.0;"Low";"Dry";"Truck";19.0;12.0;"Daylight";1.0
"Clear";"Highway";"Evening";"0.0";50.0;5.0;0.0;"Low";"Icy";"Car";65.0;57.0;"Artificial Light";0.0
"Snowy";"Highway";"Morning";"1.0";100.0;1.0;0.0;"Low";"Dry";"Car";68.0;60.0;"Daylight";0.0
"Foggy";"Rural Road";"Evening";"2.0";100.0;3.0;0.0;"High";"Not Determind";"Motorcycle";24.0;24.0;"Daylight";0.0
"Rainy";"Highway";"Night";"1.0";100.0;3.0;0.0;"High";"Wet";"Truck";67.0;64.0;"Daylight";0.0
"Rainy";"Highway";"Afternoon";"2.0";80.0;3.0;0.0;"Moderate";"Icy";"Car";30.0;28.0;"Artificial Light";0.0
"Foggy";"City Road";"Morning";"1.0";50.0;4.0;0.0;"Low";"Icy";"Car";36.0;34.0;"Daylight";1.0
"Rainy";"City Road";"Night";"0";80.0;4.0;0.0;"Low";"Dry";"Car";60.0;51.0;"Daylight";0.0
"Clear";"Highway";"Afternoon";"1.0";80.0;4.0;1.0;"Low";"Under Construction";"Truck";40.0;35.0;"Daylight";0.0
"Rainy";"City Road";"Unknown";"0.0";60.0;5.0;0.0;"Moderate";"Wet";"Car";48.0;41.0;"Daylight";0.0
"Clear";"Rural Road";"Morning";"2.0";60.0;4.0;0.0;"Low";"Icy";"Car";49.0;45.0;"Artificial Light";0.0
"Clear";"Mountain Road";"Evening";"0.0";60.0;3.0;0.0;"Low";"Icy";"Car";30.0;25.0;"Artificial Light";0.0
"Stormy";"Highway";"Night";"0.0";50.0;2.0;0.0;"High";"Dry";"Car";67.0;61.0;"Daylight";1.0
"Foggy";"Highway";"Afternoon";"0.0";100.0;4.0;0.0;"Low";"Dry";"Truck";28.0;25.0;"Artificial Light";1.0
"Clear";"City Road";"Morning";"1.0";120.0;1.0;0.0;"High";"Dry";"Car";59.0;54.0;"Daylight";0.0
"Clear";"Rural Road";"Morning";"1.0";80.0;4.0;0.0;"Moderate";"Icy";"Car";60.0;51.0;"Artificial Light";0.0
"Rainy";"Highway";"Morning";"1.0";30.0;3.0;0.0;"Low";"Dry";"Car";44.0;39.0;"Artificial Light";0.0
"Foggy";"Highway";"Afternoon";"1.0";30.0;5.0;0.0;"Low";"Under Construction";"Car";61.0;61.0;"Daylight";1.0
"Rainy";"Highway";"Evening";"0.0";60.0;3.0;0.0;"High";"Icy";"Car";18.0;9.0;"Artificial Light";0.0
"Snowy";"Rural Road";"Night";"2.0";80.0;3.0;1.0;"Low";"Dry";"Car";51.0;44.0;"Artificial Light";0.0
"Clear";"Highway";"Afternoon";"1.0";50.0;4.0;0.0;"Moderate";"Dry";"Motorcycle";58.0;55.0;"Daylight";0.0
"Clear";"Rural Road";"Evening";"1.0";80.0;5.0;0.0;"Moderate";"Wet";"Unknown";36.0;28.0;"Daylight";0.0
"Clear";"Rural Road";"Evening";"0.0";60.0;5.0;0.0;"Low";"Dry";"Truck";52.0;46.0;"Daylight";1.0
"Snowy";"City Road";"Evening";"0.0";50.0;1.0;0.0;"Moderate";"Wet";"Car";69.0;61.0;"Daylight";0.0
"Rainy";"Highway";"Evening";"0.0";30.0;3.0;0.0;"Low";"Dry";"Car";35.0;34.0;"No Light";0.0
"Snowy";"City Road";"Night";"2.0";60.0;2.0;1.0;"High";"Dry";"Car";20.0;14.0;"Daylight";0.0
"Rainy";"Rural Road";"Evening";"2.0";50.0;4.0;0.0;"Moderate";"Dry";"Bus";61.0;60.0;"Daylight";0.0
"Rainy";"Highway";"Afternoon";"1.0";50.0;5.0;0.0;"Moderate";"Icy";"Truck";39.0;39.0;"Artificial Light";0.0
"Snowy";"City Road";"Unknown";"1.0";60.0;2.0;0.0;"Unspecified";"Dry";"Car";43.0;37.0;"Daylight";1.0
"Clear";"City Road";"Morning";"2.0";60.0;1.0;0.0;"Low";"Dry";"Unknown";46.0;40.0;"Artificial Light";0.0
"Snowy";"Highway";"Night";"2.0";80.0;4.0;0.0;"Low";"Icy";"Car";68.0;66.0;"Daylight";0.0
"Rainy";"Mountain Road";"Morning";"2.0";100.0;1.0;0.0;"Moderate";"Dry";"Car";61.0;55.0;"Artificial Light";0.0
"Clear";"Rural Road";"Evening";"2.0";50.0;2.0;0.0;"High";"Dry";"Car";58.0;50.0;"Artificial Light";0.0
"Clear";"Highway";"Afternoon";"1.0";100.0;5.0;1.0;"High";"Under Construction";"Car";42.0;41.0;"No Light";1.0
"Clear";"Highway";"Night";"2.0";50.0;3.0;0.0;"Low";"Icy";"Car";43.0;37.0;"Daylight";0.0
"Clear";"City Road";"Night";"1.0";189.0;14.0;0.0;"Moderate";"Not Determind";"Car";33.0;31.0;"Daylight";1.0
"Foggy";"City Road";"Evening";"2.0";30.0;2.0;0.0;"Low";"Wet";"Car";63.0;62.0;"Daylight";0.0
"Rainy";"Highway";"Evening";"1.0";60.0;4.0;0.0;"Low";"Icy";"Car";54.0;52.0;"Artificial Light";0.0
"Rainy";"Not Determined";"Evening";"1.0";50.0;2.0;0.0;"Low";"Dry";"Truck";49.0;47.0;"Artificial Light";1.0
"Clear";"City Road";"Afternoon";"1.0";30.0;3.0;0.0;"Low";"Wet";"Motorcycle";26.0;22.0;"Daylight";0.0
"Foggy";"Highway";"Afternoon";"0.0";60.0;5.0;1.0;"Low";"Dry";"Car";57.0;56.0;"Daylight";1.0
"Clear";"Highway";"Evening";"0.0";100.0;2.0;0.0;"Low";"Dry";"Motorcycle";34.0;30.0;"Artificial Light";0.0
"Clear";"City Road";"Night";"1.0";50.0;5.0;0.0;"Low";"Dry";"Motorcycle";33.0;31.0;"Daylight";0.0
"Rainy";"Rural Road";"Morning";"0.0";80.0;4.0;1.0;"Low";"Under Construction";"Car";52.0;52.0;"Artificial Light";0.0
"Clear";"City Road";"Morning";"1.0";60.0;3.0;0.0;"Moderate";"Dry";"Truck";23.0;14.0;"Daylight";0.0
"Rainy";"City Road";"Morning";"1.0";80.0;2.0;0.0;"Low";"Icy";"Car";55.0;50.0;"No Light";0.0
"Clear";"Rural Road";"Evening";"1.0";100.0;1.0;0.0;"Low";"Icy";"Car";62.0;55.0;"Artificial Light";1.0
"Clear";"Highway";"Afternoon";"2.0";80.0;2.0;1.0;"Moderate";"Dry";"Car";44.0;41.0;"Unknown";0.0
"Clear";"Highway";"Morning";"0";50.0;4.0;0.0;"Moderate";"Dry";"Motorcycle";32.0;27.0;"Daylight";1.0
"Snowy";"Highway";"Afternoon";"1.0";60.0;4.0;0.0;"Moderate";"Dry";"Truck";48.0;44.0;"No Light";1.0
"Foggy";"Not Determined";"Morning";"0.0";30.0;3.0;0.0;"Low";"Icy";"Car";21.0;19.0;"No Light";1.0
"Snowy";"Highway";"Afternoon";"0.0";60.0;1.0;0.0;"High";"Under Construction";"Car";22.0;17.0;"Artificial Light";0.0
"Rainy";"Rural Road";"Afternoon";"1.0";60.0;3.0;0.0;"Low";"Dry";"Car";20.0;13.0;"Daylight";1.0
"Clear";"Highway";"Unknown";"1.0";60.0;3.0;0.0;"Moderate";"Under Construction";"Truck";41.0;36.0;"No Light";0.0
"Clear";"City Road";"Afternoon";"1.0";100.0;3.0;0.0;"Moderate";"Under Construction";"Car";38.0;38.0;"Daylight";1.0
"Stormy";"Highway";"Afternoon";"1.0";60.0;3.0;0.0;"Low";"Dry";"Unknown";42.0;34.0;"Artificial Light";0.0
"Snowy";"Highway";"Morning";"2.0";60.0;1.0;0.0;"High";"Dry";"Car";53.0;52.0;"Daylight";0.0
"Foggy";"Highway";"Night";"1.0";30.0;4.0;0.0;"Unspecified";"Under Construction";"Car";58.0;56.0;"Daylight";0.0
"Clear";"Highway";"Morning";"0.0";100.0;4.0;0.0;"Low";"Dry";"Motorcycle";24.0;20.0;"Artificial Light";1.0
"Snowy";"Not Determined";"Night";"0.0";100.0;2.0;0.0;"Moderate";"Dry";"Car";40.0;40.0;"Daylight";0.0
"Rainy";"Highway";"Morning";"0.0";80.0;1.0;0.0;"Low";"Dry";"Car";22.0;22.0;"Artificial Light";0.0
"Unknown";"City Road";"Afternoon";"0.0";50.0;5.0;0.0;"Unspecified";"Wet";"Car";29.0;27.0;"Daylight";0.0
"Stormy";"Highway";"Morning";"0.0";60.0;3.0;0.0;"Moderate";"Dry";"Car";54.0;53.0;"Daylight";1.0
"Clear";"Highway";"Night";"1.0";50.0;3.0;0.0;"Low";"Dry";"Car";46.0;44.0;"Artificial Light";1.0
"Clear";"Highway";"Morning";"2.0";30.0;2.0;0.0;"Low";"Dry";"Car";32.0;26.0;"No Light";0.0
"Clear";"Highway";"Morning";"2.0";80.0;2.0;0.0;"Low";"Dry";"Truck";40.0;37.0;"Artificial Light";1.0
"Stormy";"Rural Road";"Unknown";"0.0";199.0;11.0;0.0;"Low";"Dry";"Car";47.0;47.0;"Artificial Light";1.0
"Clear";"Not Determined";"Evening";"1.0";60.0;5.0;0.0;"Moderate";"Wet";"Car";34.0;33.0;"Artificial Light";0.0
"Rainy";"City Road";"Afternoon";"2.0";60.0;1.0;0.0;"Moderate";"Dry";"Car";32.0;30.0;"Daylight";1.0
"Foggy";"Highway";"Evening";"1.0";50.0;1.0;0.0;"Moderate";"Dry";"Car";46.0;39.0;"Daylight";0.0
"Snowy";"Rural Road";"Afternoon";"1.0";50.0;3.0;0.0;"Moderate";"Dry";"Car";67.0;62.0;"Artificial Light";0.0
"Clear";"City Road";"Morning";"0.0";60.0;5.0;0.0;"Low";"Wet";"Motorcycle";53.0;48.0;"Artificial Light";1.0
"Foggy";"Highway";"Morning";"2.0";50.0;4.0;1.0;"Low";"Wet";"Car";53.0;50.0;"Artificial Light";0.0
"Rainy";"Mountain Road";"Morning";"2.0";50.0;1.0;0.0;"Moderate";"Dry";"Motorcycle";61.0;54.0;"Artificial Light";0.0
"Rainy";"Rural Road";"Unknown";"0.0";192.0;10.0;1.0;"Moderate";"Dry";"Motorcycle";60.0;53.0;"Artificial Light";0.0
"Foggy";"Rural Road";"Afternoon";"1.0";30.0;4.0;1.0;"Moderate";"Not Determind";"Car";29.0;26.0;"Artificial Light";0.0
"Rainy";"City Road";"Evening";"2.0";80.0;4.0;0.0;"Low";"Icy";"Car";22.0;19.0;"Artificial Light";1.0
"Clear";"City Road";"Afternoon";"0.0";120.0;1.0;0.0;"Moderate";"Dry";"Car";46.0;40.0;"Artificial Light";1.0
"Clear";"Rural Road";"Afternoon";"0";50.0;5.0;0.0;"Moderate";"Dry";"Car";58.0;58.0;"Artificial Light";1.0
"Rainy";"Highway";"Morning";"0.0";100.0;4.0;0.0;"Low";"Dry";"Car";39.0;35.0;"Unknown";0.0
"Clear";"City Road";"Evening";"0.0";60.0;4.0;0.0;"High";"Dry";"Car";58.0;49.0;"No Light";0.0
"Rainy";"City Road";"Night";"0.0";60.0;2.0;0.0;"Low";"Dry";"Car";35.0;34.0;"Artificial Light";0.0
"Foggy";"Not Determined";"Morning";"0.0";100.0;3.0;0.0;"High";"Icy";"Car";46.0;43.0;"Artificial Light";0.0
"Clear";"Highway";"Night";"1.0";80.0;3.0;1.0;"Low";"Dry";"Car";32.0;24.0;"Artificial Light";0.0
"Clear";"City Road";"Morning";"0.0";80.0;2.0;0.0;"Low";"Dry";"Car";19.0;14.0;"Artificial Light";0.0
"Clear";"Highway";"Morning";"1.0";100.0;5.0;0.0;"Low";"Under Construction";"Motorcycle";19.0;13.0;"Daylight";0.0
"Snowy";"City Road";"Afternoon";"1.0";50.0;2.0;0.0;"Low";"Dry";"Car";34.0;27.0;"Artificial Light";0.0
"Clear";"Highway";"Evening";"2.0";80.0;3.0;0.0;"Moderate";"Dry";"Truck";48.0;40.0;"Daylight";0.0
"Unknown";"Highway";"Evening";"1.0";30.0;5.0;0.0;"Low";"Dry";"Car";59.0;59.0;"Daylight";0.0
"Stormy";"Not Determined";"Evening";"2.0";30.0;3.0;0.0;"Unspecified";"Icy";"Car";46.0;46.0;"No Light";1.0
"Rainy";"Highway";"Evening";"2.0";80.0;2.0;0.0;"High";"Dry";"Unknown";52.0;46.0;"Daylight";0.0
"Rainy";"City Road";"Evening";"1.0";213.0;14.0;0.0;"Low";"Dry";"Car";59.0;58.0;"No Light";0.0
"Clear";"City Road";"Afternoon";"1.0";100.0;1.0;0.0;"Low";"Under Construction";"Truck";49.0;40.0;"Artificial Light";0.0
"Rainy";"Highway";"Afternoon";"1.0";30.0;3.0;0.0;"Unspecified";"Dry";"Motorcycle";40.0;32.0;"Daylight";0.0
"Unknown";"City Road";"Morning";"1.0";50.0;1.0;0.0;"Low";"Under Construction";"Motorcycle";59.0;50.0;"Daylight";0.0
"Foggy";"City Road";"Evening";"0.0";50.0;3.0;0.0;"Low";"Under Construction";"Motorcycle";61.0;61.0;"Daylight";1.0
"Unknown";"City Road";"Morning";"1.0";60.0;2.0;0.0;"Moderate";"Dry";"Car";33.0;31.0;"Artificial Light";0.0
"Clear";"Rural Road";"Morning";"1.0";50.0;5.0;0.0;"High";"Icy";"Truck";50.0;41.0;"No Light";1.0
"Clear";"Highway";"Afternoon";"1.0";30.0;5.0;0.0;"Moderate";"Dry";"Car";63.0;55.0;"Artificial Light";1.0
"Snowy";"Highway";"Morning";"0";100.0;3.0;0.0;"Low";"Under Construction";"Car";64.0;57.0;"Artificial Light";1.0
"Rainy";"Rural Road";"Night";"0.0";30.0;3.0;1.0;"Low";"Dry";"Car";51.0;42.0;"No Light";0.0
"Clear";"City Road";"Afternoon";"2.0";50.0;2.0;0.0;"Moderate";"Wet";"Car";34.0;30.0;"Daylight";1.0
"Clear";"Rural Road";"Afternoon";"0.0";80.0;1.0;0.0;"Low";"Not Determind";"Car";64.0;61.0;"Daylight";0.0
"Unknown";"Highway";"Evening";"1.0";50.0;2.0;0.0;"Low";"Under Construction";"Truck";61.0;52.0;"Daylight";1.0
"Clear";"Rural Road";"Afternoon";"2.0";120.0;5.0;0.0;"Low";"Wet";"Car";19.0;17.0;"Daylight";0.0
"Unknown";"Highway";"Morning";"2.0";100.0;5.0;0.0;"Unspecified";"Wet";"Unknown";27.0;24.0;"Artificial Light";0.0
"Rainy";"Highway";"Afternoon";"2.0";30.0;1.0;0.0;"Low";"Icy";"Car";39.0;30.0;"Artificial Light";0.0
"Clear";"Mountain Road";"Night";"0.0";50.0;1.0;0.0;"Low";"Icy";"Motorcycle";40.0;39.0;"Artificial Light";0.0
"Rainy";"Highway";"Night";"2.0";50.0;5.0;0.0;"Moderate";"Under Construction";"Car";67.0;62.0;"Daylight";0.0
"Clear";"Rural Road";"Evening";"0.0";60.0;5.0;0.0;"Low";"Dry";"Truck";52.0;46.0;"Daylight";1.0
"Rainy";"Rural Road";"Evening";"0.0";80.0;3.0;1.0;"Moderate";"Dry";"Truck";47.0;40.0;"Daylight";0.0
"Clear";"Rural Road";"Afternoon";"0.0";30.0;4.0;0.0;"Low";"Dry";"Car";54.0;53.0;"Daylight";0.0
"Unknown";"Highway";"Afternoon";"1.0";30.0;3.0;0.0;"Low";"Dry";"Motorcycle";47.0;46.0;"Artificial Light";0.0
"Foggy";"City Road";"Morning";"2.0";60.0;4.0;0.0;"Moderate";"Dry";"Car";36.0;32.0;"Artificial Light";0.0
"Clear";"Highway";"Morning";"0.0";100.0;5.0;0.0;"Low";"Wet";"Motorcycle";41.0;32.0;"Artificial Light";1.0
"Rainy";"Highway";"Evening";"2.0";30.0;3.0;0.0;"Low";"Dry";"Unknown";64.0;63.0;"Daylight";0.0
"Rainy";"Mountain Road";"Morning";"0.0";50.0;4.0;0.0;"Moderate";"Under Construction";"Car";41.0;33.0;"Daylight";0.0
"Foggy";"City Road";"Evening";"0.0";60.0;2.0;1.0;"Low";"Icy";"Car";29.0;28.0;"Daylight";0.0
"Snowy";"City Road";"Evening";"2.0";100.0;5.0;0.0;"Low";"Icy";"Truck";60.0;57.0;"Artificial Light";0.0
"Clear";"City Road";"Evening";"2.0";60.0;2.0;0.0;"Moderate";"Dry";"Car";51.0;44.0;"Artificial Light";0.0
"Foggy";"Rural Road";"Night";"1.0";120.0;2.0;0.0;"Moderate";"Icy";"Bus";68.0;67.0;"Artificial Light";0.0
"Rainy";"Highway";"Morning";"1.0";80.0;1.0;0.0;"Low";"Dry";"Car";26.0;24.0;"No Light";0.0
"Stormy";"City Road";"Afternoon";"2.0";100.0;4.0;0.0;"Low";"Icy";"Car";68.0;65.0;"No Light";0.0
"Rainy";"Highway";"Afternoon";"1.0";120.0;1.0;0.0;"Low";"Dry";"Car";27.0;26.0;"Daylight";0.0
"Snowy";"City Road";"Evening";"1.0";80.0;5.0;0.0;"Low";"Dry";"Unknown";30.0;22.0;"Daylight";0.0
"Rainy";"Highway";"Afternoon";"0.0";80.0;4.0;0.0;"Moderate";"Wet";"Car";66.0;61.0;"Artificial Light";0.0
"Clear";"Rural Road";"Night";"0.0";60.0;2.0;0.0;"Low";"Dry";"Car";38.0;34.0;"Artificial Light";1.0
"Rainy";"Highway";"Afternoon";"1.0";120.0;3.0;0.0;"High";"Wet";"Bus";64.0;61.0;"Artificial Light";0.0
"Clear";"Mountain Road";"Evening";"1.0";50.0;3.0;0.0;"Low";"Dry";"Car";48.0;45.0;"Artificial Light";0.0
"Clear";"Not Determined";"Afternoon";"2.0";60.0;2.0;0.0;"Moderate";"Not Determind";"Car";37.0;30.0;"Daylight";0.0
"Clear";"Highway";"Morning";"0.0";60.0;1.0;0.0;"Unspecified";"Dry";"Car";48.0;39.0;"Daylight";1.0
"Clear";"Rural Road";"Night";"1.0";50.0;2.0;1.0;"Low";"Dry";"Motorcycle";42.0;35.0;"Artificial Light";1.0
"Snowy";"Rural Road";"Evening";"2.0";30.0;4.0;0.0;"High";"Dry";"Truck";45.0;45.0;"Daylight";0.0
"Rainy";"Highway";"Evening";"0.0";80.0;4.0;0.0;"Moderate";"Dry";"Car";28.0;20.0;"Artificial Light";1.0
"Foggy";"Mountain Road";"Afternoon";"1.0";60.0;4.0;0.0;"Low";"Under Construction";"Car";46.0;42.0;"Artificial Light";0.0
"Clear";"Highway";"Evening";"0.0";50.0;4.0;0.0;"Low";"Icy";"Car";37.0;31.0;"Artificial Light";1.0
"Foggy";"City Road";"Afternoon";"0.0";50.0;2.0;0.0;"Low";"Icy";"Car";58.0;49.0;"Artificial Light";1.0
"Foggy";"Highway";"Morning";"2.0";60.0;5.0;0.0;"High";"Wet";"Car";51.0;47.0;"Artificial Light";0.0
"Clear";"Rural Road";"Evening";"1.0";100.0;1.0;1.0;"High";"Dry";"Truck";54.0;46.0;"Artificial Light";0.0
"Rainy";"Highway";"Morning";"2.0";60.0;3.0;0.0;"High";"Dry";"Car";48.0;48.0;"Artificial Light";1.0
"Foggy";"Not Determined";"Afternoon";"1.0";80.0;2.0;0.0;"Low";"Dry";"Car";27.0;25.0;"Daylight";0.0
"Clear";"City Road";"Morning";"2.0";198.0;11.0;0.0;"Low";"Under Construction";"Car";62.0;60.0;"Artificial Light";0.0
"Clear";"City Road";"Morning";"0.0";60.0;2.0;0.0;"Low";"Under Construction";"Car";64.0;58.0;"No Light";0.0
"Clear";"City Road";"Morning";"1.0";192.0;10.0;0.0;"Low";"Dry";"Car";19.0;18.0;"Artificial Light";1.0
"Clear";"Rural Road";"Evening";"2.0";80.0;2.0;0.0;"Unspecified";"Dry";"Car";35.0;31.0;"Daylight";0.0
"Foggy";"City Road";"Evening";"2.0";60.0;4.0;0.0;"Low";"Icy";"Car";31.0;30.0;"Daylight";1.0
"Snowy";"Rural Road";"Afternoon";"2.0";30.0;5.0;1.0;"Moderate";"Dry";"Car";56.0;50.0;"Artificial Light";1.0
"Foggy";"Rural Road";"Morning";"0";60.0;5.0;0.0;"Low";"Icy";"Truck";32.0;31.0;"No Light";0.0
"Clear";"Highway";"Afternoon";"0.0";80.0;5.0;0.0;"Low";"Dry";"Car";22.0;14.0;"Daylight";0.0
"Snowy";"Highway";"Afternoon";"2.0";80.0;1.0;0.0;"Low";"Dry";"Car";54.0;54.0;"Artificial Light";0.0
"Unknown";"City Road";"Night";"0";50.0;2.0;0.0;"Low";"Icy";"Car";38.0;38.0;"Unknown";0.0
"Snowy";"City Road";"Evening";"0.0";60.0;5.0;0.0;"Moderate";"Dry";"Car";23.0;19.0;"Unknown";1.0
"Clear";"Highway";"Night";"2.0";30.0;2.0;1.0;"Moderate";"Dry";"Car";60.0;55.0;"Artificial Light";1.0
"Snowy";"Highway";"Afternoon";"2.0";50.0;4.0;0.0;"Unspecified";"Wet";"Car";44.0;35.0;"Daylight";0.0
"Foggy";"City Road";"Afternoon";"1.0";80.0;5.0;0.0;"High";"Wet";"Car";37.0;34.0;"Daylight";0.0
"Foggy";"Mountain Road";"Night";"1.0";60.0;1.0;0.0;"Moderate";"Under Construction";"Car";58.0;58.0;"Daylight";0.0
"Rainy";"Highway";"Night";"0";80.0;4.0;0.0;"Moderate";"Dry";"Car";69.0;66.0;"Unknown";0.0
"Rainy";"Mountain Road";"Afternoon";"2.0";30.0;5.0;0.0;"Low";"Dry";"Car";27.0;25.0;"Artificial Light";0.0
"Clear";"City Road";"Afternoon";"1.0";30.0;1.0;0.0;"Low";"Wet";"Car";65.0;61.0;"Artificial Light";0.0
"Rainy";"Highway";"Morning";"1.0";30.0;3.0;0.0;"Low";"Dry";"Motorcycle";69.0;64.0;"Daylight";0.0
"Clear";"Not Determined";"Evening";"2.0";50.0;3.0;0.0;"Moderate";"Dry";"Car";54.0;47.0;"No Light";0.0
"Snowy";"Highway";"Morning";"1.0";80.0;4.0;1.0;"Moderate";"Dry";"Car";33.0;27.0;"Daylight";0.0
"Clear";"Highway";"Morning";"2.0";60.0;5.0;0.0;"Low";"Wet";"Motorcycle";42.0;39.0;"Daylight";0.0
"Rainy";"City Road";"Evening";"1.0";80.0;3.0;0.0;"High";"Icy";"Truck";27.0;20.0;"Daylight";1.0
"Foggy";"City Road";"Afternoon";"2.0";50.0;2.0;0.0;"Moderate";"Wet";"Truck";55.0;47.0;"Daylight";0.0
"Clear";"Highway";"Evening";"1.0";60.0;4.0;0.0;"Moderate";"Icy";"Car";39.0;35.0;"Daylight";1.0
"Foggy";"City Road";"Evening";"0.0";80.0;3.0;0.0;"Moderate";"Under Construction";"Motorcycle";22.0;18.0;"Daylight";0.0
"Clear";"Highway";"Unknown";"1.0";206.0;11.0;0.0;"Low";"Icy";"Car";39.0;35.0;"Unknown";0.0
"Clear";"City Road";"Afternoon";"0.0";60.0;3.0;0.0;"Low";"Dry";"Truck";22.0;13.0;"Daylight";1.0
"Unknown";"Highway";"Unknown";"1.0";50.0;4.0;0.0;"Low";"Dry";"Car";52.0;48.0;"Daylight";0.0
"Clear";"Highway";"Afternoon";"1.0";80.0;5.0;0.0;"Moderate";"Dry";"Car";38.0;35.0;"Daylight";0.0
"Rainy";"Highway";"Morning";"1.0";50.0;3.0;1.0;"Unspecified";"Under Construction";"Motorcycle";27.0;22.0;"Daylight";0.0
"Rainy";"Highway";"Night";"2.0";80.0;3.0;0.0;"Low";"Dry";"Car";41.0;33.0;"Artificial Light";0.0
"Rainy";"Mountain Road";"Evening";"0.0";212.0;10.0;0.0;"Low";"Wet";"Truck";27.0;27.0;"Artificial Light";0.0
"Rainy";"Highway";"Night";"1.0";30.0;5.0;0.0;"Low";"Icy";"Car";55.0;54.0;"Daylight";0.0
"Snowy";"Highway";"Morning";"2.0";100.0;2.0;0.0;"Moderate";"Wet";"Car";26.0;17.0;"Daylight";0.0
"Clear";"City Road";"Afternoon";"0.0";60.0;5.0;0.0;"Moderate";"Dry";"Car";36.0;32.0;"Artificial Light";0.0
"Foggy";"Highway";"Night";"1.0";60.0;1.0;0.0;"Moderate";"Icy";"Unknown";60.0;52.0;"No Light";1.0
"Snowy";"Highway";"Afternoon";"2.0";30.0;1.0;0.0;"Moderate";"Dry";"Truck";39.0;37.0;"Artificial Light";1.0
"Foggy";"City Road";"Night";"1.0";80.0;4.0;0.0;"Moderate";"Dry";"Car";24.0;22.0;"Daylight";0.0
"Rainy";"City Road";"Morning";"0.0";80.0;5.0;0.0;"Moderate";"Dry";"Car";69.0;65.0;"Daylight";0.0
"Rainy";"Highway";"Night";"1.0";30.0;4.0;1.0;"Low";"Icy";"Car";54.0;51.0;"No Light";0.0
"Rainy";"City Road";"Morning";"2.0";50.0;4.0;0.0;"Low";"Dry";"Car";58.0;58.0;"Daylight";1.0
"Clear";"Highway";"Afternoon";"2.0";181.0;10.0;0.0;"Moderate";"Under Construction";"Car";62.0;54.0;"Unknown";0.0
"Foggy";"City Road";"Night";"1.0";60.0;1.0;0.0;"Low";"Dry";"Truck";32.0;26.0;"Artificial Light";1.0
"Stormy";"Rural Road";"Afternoon";"2.0";30.0;2.0;0.0;"Moderate";"Icy";"Motorcycle";47.0;43.0;"Daylight";0.0
"Rainy";"Rural Road";"Evening";"1.0";60.0;2.0;0.0;"High";"Dry";"Car";20.0;18.0;"Daylight";0.0
"Clear";"Highway";"Evening";"1.0";80.0;2.0;0.0;"Moderate";"Under Construction";"Car";24.0;21.0;"No Light";0.0
"Clear";"Highway";"Night";"1.0";80.0;3.0;0.0;"Low";"Icy";"Car";46.0;39.0;"Daylight";0.0
"Rainy";"Not Determined";"Night";"1.0";80.0;4.0;0.0;"Low";"Dry";"Unknown";64.0;56.0;"Daylight";1.0
"Clear";"Highway";"Afternoon";"1.0";60.0;4.0;0.0;"Low";"Wet";"Car";33.0;24.0;"Artificial Light";1.0
"Clear";"City Road";"Morning";"2.0";80.0;5.0;0.0;"Moderate";"Dry";"Car";33.0;30.0;"Artificial Light";0.0
"Clear";"City Road";"Evening";"0.0";60.0;5.0;0.0;"Low";"Dry";"Truck";66.0;62.0;"Daylight";1.0
"Foggy";"Highway";"Evening";"0";60.0;1.0;1.0;"Unspecified";"Dry";"Car";29.0;22.0;"Artificial Light";0.0
"Rainy";"Highway";"Evening";"1.0";50.0;3.0;1.0;"High";"Icy";"Car";61.0;60.0;"Daylight";0.0
"Clear";"Highway";"Unknown";"2.0";60.0;1.0;1.0;"Low";"Dry";"Car";36.0;27.0;"Artificial Light";0.0
"Rainy";"City Road";"Afternoon";"0.0";60.0;2.0;0.0;"Low";"Icy";"Car";65.0;62.0;"Artificial Light";0.0
"Rainy";"Highway";"Evening";"1.0";50.0;1.0;0.0;"Low";"Dry";"Truck";19.0;10.0;"Artificial Light";1.0
"Clear";"City Road";"Evening";"0.0";30.0;1.0;0.0;"Low";"Wet";"Car";33.0;25.0;"Daylight";0.0
"Rainy";"City Road";"Evening";"2.0";50.0;1.0;0.0;"Low";"Dry";"Car";53.0;44.0;"Daylight";0.0
"Rainy";"Rural Road";"Morning";"0";50.0;5.0;0.0;"Moderate";"Wet";"Car";50.0;42.0;"Artificial Light";0.0
"Snowy";"Highway";"Morning";"2.0";60.0;2.0;0.0;"Low";"Dry";"Motorcycle";26.0;24.0;"Artificial Light";0.0
"Clear";"Highway";"Afternoon";"2.0";100.0;4.0;0.0;"Low";"Dry";"Motorcycle";56.0;52.0;"Artificial Light";0.0
"Clear";"Highway";"Morning";"1.0";50.0;5.0;1.0;"Low";"Dry";"Truck";51.0;47.0;"Artificial Light";0.0
"Foggy";"City Road";"Evening";"2.0";50.0;3.0;0.0;"Moderate";"Not Determind";"Car";19.0;13.0;"Artificial Light";0.0
"Stormy";"Highway";"Afternoon";"0.0";60.0;5.0;1.0;"Moderate";"Not Determind";"Truck";18.0;10.0;"Artificial Light";0.0
"Snowy";"Highway";"Afternoon";"1.0";100.0;2.0;0.0;"Low";"Icy";"Car";34.0;27.0;"Daylight";1.0
"Clear";"Highway";"Evening";"1.0";80.0;3.0;0.0;"Moderate";"Dry";"Bus";34.0;26.0;"Artificial Light";0.0
"Snowy";"Highway";"Afternoon";"0.0";60.0;2.0;0.0;"Low";"Dry";"Car";48.0;40.0;"Artificial Light";0.0
"Snowy";"Highway";"Afternoon";"1.0";50.0;4.0;0.0;"Unspecified";"Wet";"Car";49.0;44.0;"Artificial Light";0.0
"Foggy";"Rural Road";"Afternoon";"0.0";100.0;3.0;0.0;"Low";"Dry";"Car";66.0;62.0;"Daylight";0.0
"Clear";"City Road";"Afternoon";"2.0";60.0;2.0;0.0;"Low";"Dry";"Bus";35.0;27.0;"Unknown";1.0
"Rainy";"Rural Road";"Afternoon";"2.0";50.0;1.0;0.0;"Low";"Wet";"Car";50.0;46.0;"Artificial Light";0.0
"Stormy";"City Road";"Afternoon";"0.0";60.0;1.0;0.0;"Low";"Under Construction";"Motorcycle";44.0;38.0;"No Light";1.0
"Clear";"Highway";"Unknown";"1.0";50.0;2.0;0.0;"Moderate";"Under Construction";"Car";65.0;62.0;"Artificial Light";0.0
"Clear";"Highway";"Afternoon";"0.0";80.0;1.0;0.0;"Low";"Dry";"Car";50.0;50.0;"Unknown";1.0
"Snowy";"Not Determined";"Unknown";"0.0";80.0;2.0;0.0;"Low";"Under Construction";"Car";35.0;29.0;"Daylight";1.0
"Clear";"City Road";"Evening";"0.0";60.0;2.0;0.0;"Low";"Wet";"Car";23.0;17.0;"Daylight";0.0
"Snowy";"Rural Road";"Afternoon";"2.0";100.0;4.0;0.0;"Low";"Dry";"Car";40.0;36.0;"Daylight";1.0
"Rainy";"City Road";"Morning";"1.0";120.0;3.0;1.0;"Low";"Icy";"Unknown";54.0;49.0;"No Light";1.0
"Rainy";"Highway";"Afternoon";"0.0";80.0;5.0;0.0;"Low";"Dry";"Truck";39.0;38.0;"Artificial Light";0.0
"Clear";"Highway";"Morning";"0";100.0;5.0;0.0;"Low";"Wet";"Truck";69.0;61.0;"Daylight";0.0
"Rainy";"City Road";"Evening";"1.0";100.0;2.0;0.0;"Low";"Not Determind";"Unknown";67.0;67.0;"Artificial Light";0.0
"Clear";"City Road";"Evening";"0";120.0;3.0;0.0;"Low";"Not Determind";"Car";25.0;17.0;"Artificial Light";0.0
"Clear";"City Road";"Evening";"2.0";60.0;4.0;0.0;"Moderate";"Not Determind";"Car";66.0;60.0;"Artificial Light";0.0
"Clear";"City Road";"Afternoon";"1.0";60.0;3.0;0.0;"Low";"Under Construction";"Car";67.0;65.0;"Artificial Light";0.0
"Rainy";"Highway";"Night";"1.0";100.0;1.0;0.0;"Low";"Under Construction";"Car";53.0;53.0;"Artificial Light";1.0
"Clear";"Rural Road";"Afternoon";"2.0";80.0;3.0;0.0;"Moderate";"Not Determind";"Car";36.0;31.0;"Daylight";1.0
"Clear";"City Road";"Night";"1.0";50.0;5.0;0.0;"Unspecified";"Dry";"Car";25.0;17.0;"Daylight";0.0
"Stormy";"Highway";"Night";"1.0";50.0;4.0;1.0;"Low";"Under Construction";"Motorcycle";68.0;64.0;"Artificial Light";0.0
"Clear";"Highway";"Afternoon";"2.0";80.0;2.0;0.0;"Moderate";"Not Determind";"Bus";24.0;22.0;"Daylight";0.0
"Rainy";"Highway";"Morning";"0.0";30.0;1.0;0.0;"High";"Dry";"Car";69.0;62.0;"Artificial Light";0.0
"Clear";"City Road";"Afternoon";"1.0";60.0;2.0;0.0;"Low";"Under Construction";"Car";57.0;55.0;"Artificial Light";0.0
"Rainy";"Highway";"Night";"2.0";80.0;3.0;0.0;"Low";"Not Determind";"Car";53.0;51.0;"Artificial Light";0.0
"Foggy";"Rural Road";"Evening";"0.0";50.0;1.0;0.0;"Low";"Dry";"Car";23.0;17.0;"Daylight";0.0
"Rainy";"City Road";"Afternoon";"1.0";80.0;1.0;0.0;"Low";"Wet";"Car";43.0;42.0;"Artificial Light";1.0
"Snowy";"Rural Road";"Night";"1.0";80.0;4.0;0.0;"Low";"Under Construction";"Car";48.0;39.0;"Artificial Light";0.0
"Clear";"Highway";"Unknown";"0.0";50.0;4.0;0.0;"Low";"Wet";"Car";58.0;56.0;"Daylight";0.0
"Stormy";"City Road";"Afternoon";"1.0";100.0;2.0;0.0;"High";"Wet";"Car";68.0;62.0;"Daylight";0.0
"Clear";"City Road";"Afternoon";"0.0";100.0;5.0;0.0;"Low";"Icy";"Car";33.0;31.0;"Artificial Light";0.0
"Clear";"Highway";"Afternoon";"2.0";80.0;4.0;0.0;"Low";"Under Construction";"Truck";31.0;27.0;"Artificial Light";0.0
"Foggy";"Highway";"Afternoon";"1.0";120.0;2.0;1.0;"Low";"Dry";"Bus";46.0;40.0;"Daylight";0.0
"Unknown";"Not Determined";"Morning";"0.0";60.0;1.0;1.0;"Low";"Icy";"Truck";28.0;20.0;"Unknown";0.0
"Clear";"City Road";"Afternoon";"1.0";60.0;5.0;0.0;"Low";"Dry";"Truck";23.0;14.0;"Daylight";0.0
"Rainy";"City Road";"Unknown";"0.0";80.0;4.0;0.0;"Moderate";"Icy";"Car";33.0;30.0;"Daylight";1.0
"Rainy";"Highway";"Night";"1.0";60.0;5.0;0.0;"Moderate";"Dry";"Car";27.0;22.0;"Artificial Light";1.0
"Unknown";"Not Determined";"Evening";"0";60.0;2.0;0.0;"Unspecified";"Dry";"Car";32.0;26.0;"No Light";0.0
"Foggy";"Highway";"Evening";"1.0";60.0;3.0;0.0;"Moderate";"Icy";"Car";61.0;56.0;"Artificial Light";0.0
"Foggy";"City Road";"Afternoon";"0.0";100.0;2.0;0.0;"Moderate";"Under Construction";"Car";37.0;37.0;"Artificial Light";0.0
"Stormy";"City Road";"Unknown";"0.0";80.0;1.0;0.0;"Moderate";"Icy";"Car";57.0;48.0;"Artificial Light";1.0
"Rainy";"Highway";"Afternoon";"1.0";80.0;1.0;0.0;"High";"Dry";"Truck";24.0;23.0;"No Light";0.0
"Clear";"City Road";"Afternoon";"1.0";50.0;5.0;0.0;"Moderate";"Dry";"Unknown";25.0;18.0;"Daylight";0.0
"Clear";"Highway";"Afternoon";"1.0";100.0;2.0;1.0;"Moderate";"Wet";"Car";56.0;51.0;"Artificial Light";0.0
"Clear";"City Road";"Afternoon";"2.0";100.0;3.0;0.0;"Low";"Dry";"Car";21.0;12.0;"Artificial Light";0.0
"Foggy";"City Road";"Morning";"1.0";80.0;3.0;0.0;"Moderate";"Dry";"Car";21.0;16.0;"Artificial Light";0.0
"Clear";"Highway";"Morning";"1.0";100.0;2.0;0.0;"Moderate";"Wet";"Car";56.0;48.0;"Artificial Light";1.0
"Snowy";"City Road";"Evening";"1.0";50.0;3.0;0.0;"Unspecified";"Wet";"Car";18.0;12.0;"Artificial Light";0.0
"Clear";"Highway";"Night";"2.0";30.0;4.0;0.0;"Low";"Dry";"Car";23.0;15.0;"Daylight";0.0
"Rainy";"Rural Road";"Evening";"2.0";60.0;4.0;0.0;"Low";"Dry";"Motorcycle";52.0;46.0;"Daylight";1.0
"Foggy";"Highway";"Afternoon";"2.0";60.0;3.0;0.0;"Low";"Dry";"Car";25.0;19.0;"Artificial Light";0.0
"Clear";"Highway";"Afternoon";"1.0";60.0;4.0;0.0;"Low";"Dry";"Motorcycle";29.0;21.0;"Artificial Light";0.0
